Region,Date,AdSpend,CPC,Clicks,Conversions,CPA,Revenue
Lahore,2026-05-01,150.00,0.45,333,12,12.50,450.00
Lahore,2026-05-02,150.00,0.48,312,10,15.00,375.00
Lahore,2026-05-03,150.00,0.60,250,5,30.00,187.50
Karachi,2026-05-01,200.00,0.30,666,35,5.71,1312.50
Karachi,2026-05-02,200.00,0.32,625,32,6.25,1200.00
Karachi,2026-05-03,200.00,0.31,645,34,5.88,1275.00
Islamabad,2026-05-01,100.00,0.40,250,15,6.66,562.50
Islamabad,2026-05-02,100.00,0.42,238,14,7.14,525.00
Islamabad,2026-05-03,100.00,0.41,243,15,6.66,562.50
